<?xml version="1.0" encoding="UTF-8" standalone="yes"?>
<addon id="repository.vtvonline" name="VTV Online Repositorio" version="18.0" provider-name="RicardoJ">
    <extension point="xbmc.addon.repository" name="Nome Repository">
        <dir>
            <info compressed="false">https://raw.githubusercontent.com/lricardobrlj/ricardo18/master/zips/addons.xml</info>
            <checksum>https://raw.githubusercontent.com/lricardobrlj/ricardo18/master/zips/addons.xml.md5</checksum>
            <datadir zip="true">https://raw.githubusercontent.com/lricardobrlj/ricardo18/master/zips/</datadir>
        </dir>
    </extension>
    <extension point="xbmc.addon.metadata">
        <summary>VTV Online Repositorio</summary>
        <description>Repositorio Oficial do VTV Online</description>
        <disclaimer></disclaimer>
        <platform>all</platform>
        <assets>
            <icon>icon.png</icon>
            <fanart>fanart.jpg</fanart>
        </assets>
    </extension>
</addon>